green chilli,green chilli
mogra wat othulu *200,290707
camphor karpuram ,344751
rose water pooja purpose,344753
Brooke Bond 3 Roses Tea natural care 250g,3948030574252
Magggi chicken noodles 284g,3948058843200
Thums-Up 2.25L,3948764042904
Fevistik Superglue Stick 8g,3948860633532
Lizol Citrus Floor Cleaner 200ml,8901396146001
nivea men facewash 50g,4005808231423
nivea creme 30ml,4005808327676
Nivea Men Oil Control Face Wash 100g,4005808532988
Nivea Men Oil Control Face Wash 50g,4005808535439
nivea creme 20ml,4005808757329
nivea men all in one charcoal 100g,4005808919574
nivea aloe hydration cream 50ml,4005900432087
nivea men deep impact black carbon 100g,4005900518217
nivea men acne facewash 50g,4005900738509
Nivea Men Oil Control charcoal Face Wash 50g,4005900738561
nivea soft moisturizing cream 100ml,42204091
Nivea - Soft Light Moisturizer50ml,42204169
nivea creme 60ml,42204244
Nivea Creme 100ml,42204251
nivea body lotion body milk 75ml,42237037
nivea body lotion express hydration 75ml,42237075
nivea body lotion body milk 50ml,42417897
ariel 500g,4902430294102
ariel complete 1.5kg,4902430294164
Whisper Choice Regular 7N,4902430294492
Whisper Choice Extra Long Wings 6N,4902430330572
Whisper Choice Regular 20N,4902430333627
Whisper Ultra Soft xl air fresh 7n ,4902430378123
pampers happy skin pants,4902430717274
pampers happy skin pants M size  ,4902430717298
tide white 150g,4902430755320
Vicks - Babyrub 50ml,4902430761475
Pantene Hair Fall Control Shampoo 72ml,4902430772877
head and shoulders anti dandruff 72ml ,4902430772914
head and shoulders smooth and silky 72ml,4902430772969
"Head & Shoulders  Anti-Dandruff
and anti hairfall Shampoo 180ml",4902430774130
Head & Shoulders Cool Menthol Anti-Dandruff Shampoo 180ml,4902430774147
Head & Shoulders Anti-Dandruff silky black Shampoo 180ml,4902430774192
Head & Shoulders Smooth & Silky Anti-Dandruff Shampoo 180ml,4902430774208
oral b pack toothbrush *3,4902430796286
whisper ultra clean xl+,4902430871396
Whisper Ultra Clean Xl Wings 15N,4902430871433
Ariel 2rs ,4902430871662
Whisper Choice ultra xl 6n,4902430872140
oral b neem toothbrush buy 2 get 2 ,4902430872232
tide lemon and mint 500g,4902430875011
tide lemon and mint 1kg,4902430875042
head and shoulders cool methol shampoo 4rs,4902430882170
tide ultra 3 in 1 clean 1kg ,4902430889803
Pantene Hair Fall Control Shampoo 4rs,4902430891424
Whisper Ultra Clean Xl+ Wings 30n,4902430894845
Pantene Hair Fall Control Shampoo 180ml,4902430899192
Pantene Silky Smooth Care Shampoo 180ml,4902430899215
Pantene Total Damage Care Shampoo 180ml,4902430899222
Pantene Hair Fall Control Shampoo 75ml,4902430899345
tide naturals lemon and chandan 500g,4902430907712
tide naturals lemon and chandan 800g,4902430907729
Head N Shoulders - 2 in1 anti dandruff Shampoo 180ml,4902430908078
Whisper Ultra Clean Xl+ 7n,4902430909495
gillette guard 3 ,4902430914758
Vicks Vaporub 25ml,4987176020383
Vicks - Vaporub 50ml,4987176028327
Whisper Ultra Clean Xl+ Wings Sanitary Pads 40n,4987176036315
galaxy Smooth Milk Chocolate 56g,6221134008227
galaxy Smooth Milk Chocolate 30g,6221134008319
India Gate Super Basmati Rice 1kg,690225101103
india gate tibar basmati rice 1kg,690225101127
India Gate Dubar Basmati Rice 1kg,690225101134
India Gate Classic Basmati Rice 1kg,690225101172
India gate select basmati rice 1.2kg,690225301077
Cadbury choco bakes 75g,7622201098971
Cadbury Bourvnita - Biscuit 120g,7622201137588
Cadbury Temptations Almond Treat Chocolate 72g,7622201138455
Tang Lemon Instant Drink Mix 75g,7622201139414
Cadbury Dairy Milk Crackle Chocolate 36g,7622201149543
Cadbury Dairy Milk Roast Almond Chocolate 36g,7622201150150
Cadbury Dairy Milk fruit and nut Chocolate 36g,7622201150181
Cadbury Perk Chocolate 26g,7622201150440
Cadbury Bournvita Original Health Drink 200g,7622201423117
Cadbury Bourvita pouch 500g,7622201423131
Cadbury Bourvita 500g,7622201423155
Cadbury Bourvita 5 star 500g,7622201423216
Cadbury Oreo Original 18.52g,7622201428488
Cadbury Oreo original 46g,7622201428501
Cadbury Oreo original 120g,7622201428525
Cadbury Oreo Choco Cream Biscuits 120g,7622201431594
Cadbury Oreo Strawberry Cream Biscuits 46g,7622201431631
Cadbury Oreo Strawberry Cream Biscuits 120g,7622201432249
Cadbury - Oreo Chocolate Biscuit 46g,7622201432263
Cadbury Fuse Chocolate Bar 25g,7622201444945
cadbury shots pack or 58*2,7622201448837
Cadbury oreo dipped 50g,7622201452230
Cadbury oreo dipped 150g,7622201452384
Cadbury Dairy Milk silk Fruit & Nut Chocolate 55g,7622201452674
Cadbury Dairy Milk Silk Fruit & Nut Chocolate 137g,7622201452704
Cadbury Dairy Milk Silk Roast Almond Chocolate 58g,7622201452735
Cadbury Dairy Milk Silk Roast Almond Chocolate 137g,7622201452766
Cadbury dairy milk silk hazelnut 58g,7622201452797
Cadbury dairy milk silk hazelnut 143g,7622201452827
Cadbury Dairy Milk Silk Oreo red velvet Chocolate 130g,7622201452919
Cadbury 5 Star Original Chocolate 25g,7622201771669
Cadbury Fuse Chocolate Bites 170g,7622210751232
Avelia Hand Sanitizer,7777777724
maggi masala atta noodles 290g,7901059866711
tic tac white 7.7g,8000500257319
tic tac orange 7.7g,8000500257340
tic tac red 7.7g,8000500257401
tic tac green 7.7g,8000500275009
Kinder Joy For Boys Chocolate 20g,80135890
Maggi Rich Tomato Ketchup 200g,89000670
Kinley Mineral Water 500ml,89000724
Iodex Body Pain Expert 40g,89003978
Nestle Kitkat Chocolate 18g,89005637
Orbit Spearmint Chewinggum 8.8g,89006214
Orbit White Chewinggum Sweetmint 8.8g,89006238
dobur amla hair oil 90ml,89006825
Orbit Spearmint Chewinggum 4.4g,89007570
Orbit White Chewinggum 4.4g,89007617
Nestle Munch Chocolate 10.1g,89008294
Milky bar choo 10g,89008492
Dabur Vatika Hair Oil 90ml,89008980
Johnson's - Baby Powder 100g,8901012116562
Johnson'S Baby Soap 50g,8901012116630
Johnson'S Baby Soap 100g,8901012116654
Listerine Cool Mint Mouthwash 80ml,8901012133040
Stayfree Secure Dry cover xl 7n,8901012165614
Stayfree Secure Dry Ultra Thin 6n,8901012166406
Stayfree Dry Max All Night xl 14n,8901012166512
stayfree dry Cover ,8901012166628
clean and clear facewach aquasplash 100ml,8901012189337
clean and clear berry blast 100ml,8901012189368
Top Ramen new Masala Instant Noodles 70g,8901014002023
nisin top ramen 420g,8901014002054
Top Ramen Noodles Fiery Chilli 70g,8901014002313
nissin top ramen fiery chilli 280g,8901014002412
top ramen curry noodles 280g ,8901014003181
cup noodles mazedaar masala 70g,8901014004737
cup noodles veggi manchow 70g ,8901014004836
cup noodles spiced chicken 70g,8901014004935
cup noodles tangy tomato 70g,8901014012312
Godrej Cinthol Original cool Soap 100g *3,8901023004599
godrej expert hair color 44g,8901023007736
cinthol lime soap 125g,8901023010170
Cinthol Original Soap 150g,8901023012105
Godrej no.1 soap kesar 150g,8901023012242
Brooke Bond - Red Label Natural Care Tea 50g,8901030193217
Brooke Bond 3 Roses Tea 100g,8901030194122
Brooke Bond 3 Roses Tea 500g,8901030194160
Brooke Bond 3 Roses Tea 7g,8901030313899
dove go fresh fresh moisture soap 75g,8901030361463
Brooke Bond 3 Roses Tea top star 250g,8901030404566
Brooke Bond - Red Label 250g,8901030406249
brooke bond red label 500g,8901030406256
Brooke Bond Red Label Tea 100g,8901030442698
Brooke Bond 3 Roses Tea 16g,8901030460647
knorr manchow veg 12g,8901030530333
Kissan Fresh Tomato Ketchup 200g,8901030532832
Kissan Mixed Fruit Jam 200g,8901030534966
"Kissan mixed fruit jam 
500g",8901030535048
Knorr Hot & Sour Veg Soup 11g,8901030555442
Surf Excel Matic Top Load Detergent Powder 500g,8901030555992
Surf Excel Matic Front Load Detergent Powder 500g,8901030556012
Brooke Bond - Red Label Natural Care Tea 100g,8901030578182
Brooke Bond Red Label Natural Care Tea 250g,8901030578199
Surf Excel Easy Wash Detergent Powder 90g,8901030578830
ok wheel 2 in 1 active 150g,8901030611407
wheel 2 in 1 clean and fresh 1kg,8901030641633
Wheel 2 in 1 500g,8901030641657
surf excel stain eraser 400g,8901030648922
Brooke Bond Taj Mahal  100g,8901030656026
taj mahal tea 250g,8901030656040
Brooke Bond Taj Mahal Tea 17g,8901030656064
Knorr Mast Masala Soupy Noodles 70g,8901030656613
Knorr Mast Masala Soupy Noodles 300g,8901030656637
wheel 2 in 1 10g bar ,8901030664182
Kissan Fresh Tomato Ketchup 950g,8901030667756
vim bar 300g,8901030670336
ponds moisturiser non oily 75ml,8901030676956
Lux Soft Touch Soap 100g X 3N,8901030681172
surf excel easy wash 1kg,8901030681905
lux international creamy soft 75g,8901030682322
Comfort - After Wash Pure Fabric Conditioner 3rs,8901030692062
Surf Excel Matic Top Load 1.02L,8901030695704
Surf Excel Matic Liquid  Front Load 1l,8901030695711
Surf Excel Matic Top Load 500ML,8901030695728
Surf Excel Matic Liquid  Front Load 500ML,8901030695735
surf excel stain eraser 95g ,8901030697098
Rexona - Coconut & Olive Oils Bathing Soap 100g,8901030702839
Dove Dryness Care shampoo 180ml,8901030703812
Dove Intense Repair Shampoo 180ml,8901030703829
Dove Hair Fall Rescue Shampoo 180ml,8901030703836
Tresemme Keratin Smooth Shampoo 185ml,8901030705885
Dove Intense Repair Shampoo 80ml,8901030707513
Dove Daily Shine Conditioner 180ml,8901030707728
Dove Intense Repair Conditioner 175ml,8901030707834
ponds dream flower pink lily 100g,8901030708114
ponds dream flower pink lily 50g,8901030708176
ponds sandal natural sunscreen 100g,8901030708251
ponds sandal natural sunscreen 50g,8901030708282
Dove Intense Repair Conditioner 80ml,8901030708794
ponds magic acacia honey 100g,8901030709968
ponds magic acacia honey 50g,8901030709982
vaseline skin protecting jelly 20g,8901030716249
lifebuoy soap 56g,8901030718335
taj mahal tea 1kg,8901030722059
lifebouy soap 100g,8901030722165
ponds men energy bright facewash 100g,8901030722202
ponds men pimple clear 50g,8901030722233
ponds men pimple clear  facewash 100g,8901030722240
Domex - Fresh Toilet Cleaner 500ml,8901030722608
axe signature dark temptation 122ml,8901030724664
surf excel stain eraser 150g,8901030729980
Bru Instant Coffee 5.5g,8901030734014
Sunsilk green tea and Lily shampoo 195ml,8901030735127
comfort fabric contioner lilly fresh 220ml,8901030735677
Rin - Detergent Powder 1kg,8901030737084
Rin - Detergent Powder 500g,8901030737091
rin powder 10g,8901030737107
sunsilk black shampoo 180ml,8901030738333
sunsilk shampoo 1rs,8901030738623
rin advance 140g,8901030742613
rin refresh 1kg ,8901030746024
rin refresh 500g,8901030746048
Clinic Plus+ - Strong & Long Health Shampoo 175ml,8901030748080
Surf Excel Detergent Bar 250g,8901030753428
Vaseline Deep Restore Body Lotion 50ml,8901030754760
Vaseline Deep Restore Body Lotion 100ml,8901030756504
Kissan Mixed Fruit Jam 100g,8901030758102
Dove Hair Fall Rescue Shampoo 8.5ml ,8901030760143
vim gel 500ml,8901030760587
vim gel 155ml,8901030760594
vim gel 250ml,8901030760624
vim lemon gel 500ml,8901030760792
rin fabric whitener 200ml,8901030761188
Pears Pure & Gentle Soap 75g X 3N,8901030764172
Dove Dandruff Care Shampoo 180ml,8901030764356
vim anti smell bar 250g,8901030765070
Kissan Fresh Tomato Ketchup 130g,8901030765353
Pears Pure & Gentle Soap 100g,8901030766947
Ponds anti pollution plus facewash 50g,8901030767647
Ponds anti pollution plus facewash 100g,8901030767654
rin bar 75g,8901030773891
Sunsilk stunning black shine  shampoo 80ml,8901030775888
Clinic Plus Strong & Long Shampoo 80ml,8901030776045
Clinic Plus Anti-Dandruff Shampoo 175ml,8901030776298
clinic plus naturally strong 175ml,8901030776458
Dove Daily Shine Conditioner 80ml,8901030777042
Dove Dryness Care shampoo 80ml,8901030777059
Dove Intense Repair shampoo 80ml,8901030777080
clinic plus strong and long ,8901030778445
Lipton Green Tea Sunny Honey Lemon 25n,8901030779299
Lipton Cleargreen Tea Pure 25N,8901030779688
Lipton Green Tea pure and lite 250g,8901030781087
lipton green tea 5n,8901030781094
brooke bond Red Label 1kg,8901030781513
Pond'S White Beauty Facial 12g,8901030781650
Bru Instant Coffee 11g,8901030783029
lipton green tea pure and lite 10n,8901030783210
Lipton Cleargreen lemon zest 10N,8901030783227
Dove Anti Dandruff Shampoo 80ml,8901030783340
Dove Anti Dandruff Shampoo 180ml,8901030783357
ponds white beauty day cream anti spot fairness 35g,8901030786037
closeup triple action 150g,8901030788055
closeup red toothpaste 50g,8901030788208
closeup triplefresh 96g,8901030788246
Clinic plus egg protein shampoo 175ml,8901030789434
vim lemon bar rectangule 150g,8901030790935
Lux jasmine and vitamin Soap 100g,8901030792328
Ponds white beauty facewash 100g,8901030794131
ponds white beauty facewash 50g,8901030794148
Dove Cream Soap 50g,8901030794537
Dove Cream Soap 100g ,8901030795589
Dove Pink Soap 100g,8901030795596
horlicks 5rs ,8901030795756
comfort fabric contioner 220ml,8901030803635
comfort fabric conditioner 430ml,8901030803659
vim bar 250g,8901030804021
pepsodent cavity protection 100g,8901030806889
Horlicks Classic Malt Health Drinks 200g,8901030807138
Horlicks Classic Malt Health Drinks 500g,8901030807183
Horlicks Classic Malt Health Drinks pouch 750g,8901030807190
Horlicks Classic Malt Health Drinks 1kg,8901030807213
Horlicks Classic Malt Health Drinks tetra 1kg,8901030807220
Horlicks Classic Malt Health Drink pouch 1kg,8901030809415
rin bar 140g,8901030812781
Horlicks Chocolate Health Drink pouch 500g,8901030812897
vim bar anti smell bar 145g,8901030812996
Lifebuoy - Total Handwash 185ml*3,8901030814013
Surf Excel Quick Wash Detergent Powder 1kg,8901030814174
Surf Excel Matic Front Load Detergent Powder 1kg,8901030816604
vim bar 150g,8901030816727
Boost Chocolate Health Drinks 500g round box,8901030818660
boost 5rs,8901030818684
Surf Excel Easy Wash Detergent Powder 500g,8901030819674
Junior Horlicks vanilla 500g,8901030820014
Junior Horlicks vanilla tetra 500g,8901030820021
fair & lovely facewash instant 50g,8901030821394
Fair And Lovely - facewash 100g,8901030821400
Fair & Lovely multi vitamin for women 25g,8901030821516
Boost Chocolate Health Drinks 500g,8901030826184
MTR Sambar Powder  200g,8901042954714
Mtr Rasam Powder 200g,8901042954738
mtr vangi bhath 200g ,8901042954752
mtr puliogare powder 100g,8901042954790
MTR Chilli Powder 100g,8901042954813
MTR black pepper powder 100g,8901042954851
Mtr Bisibele Bhath Masala 100g,8901042954882
mtr black pepper 50g,8901042957180
Mtr Roasted Vermicelli 180g,8901042962047
Mtr Vermicelli Payasam Sweet Mix 180g,8901042962566
MTR Turmeric Powder 200g,8901042963938
Mtr Coriander Powder 200g,8901042963969
mtr garam masala ,8901042964294
Mtr Seviyan Vermicelli 400g,8901042965451
mtr biryani masala 20g,8901042966885
Mtr Vegetable Pulao 10g,8901042968049
Mtr Rice Sevai 165g,8901042968230
Mtr Seviyan Vermicelli 150g,8901042969213
Mtr lemon rice powder 50g,8901042969497
mtr tamoto rice 50g,8901042969510
mtr puliogare 30g,8901042969589
Mtr Gulab Jamun 175g *2,8901042969725
mtr sambar mix 180g,8901042969848
Mtr Seviyan Vermicelli 850g,8901042970035
mtr masala karam powder 100g,8901042970134
MTR- Seviyan 3 min 50g,8901042970189
MTR spicy sambar masala 35g,8901042970479
tata gold tea 500g,8901052003723
tata tea veda 100g,8901052003853
tata teaveda 250g,8901052003860
Tetley Long Leaf Green Tea with lemon  125g,8901052004454
tetley green tea 25n,8901052022106
Tetley Lemon Green Tea 25n,8901052022113
Tata Tea Premium 100g,8901052030231
Tata Tea Premium Tea 500g,8901052030439
Tata Tea Kanan Devan Classic Tea 100g,8901052031269
tata kanan devan 250g,8901052031368
tata kanan devan 500g,8901052031467
Tata Tea Agni Tea 100g,8901052034598
Tata Tea Agni Tea 250g,8901052034604
Tetley Long Leaf Green Tea 250g,8901052087440
tetley green tea pure and original 10n,8901052087778
tetley green tea lemon and honey 10n,8901052087785
Tetley Lemon Green Tea 10n,8901052087792
Tetley Long Leaf Green Tea 100g,8901052087808
Tetley Long Leaf Green Tea 500g,8901052087891
Maggi Rich Tomato Ketchup 500g,8901058117752
Maggi Hot & Sweet Tomato Chilli Sauce 500g ,8901058117783
Nestle - Kit Kat Chunky 37g,8901058143102
Nestle Kitkat Chocolate 27.5g,8901058144345
Maggi Rich Tomato Ketchup pichkoo 90g,8901058823660
maggi cuppa noodles 70g,8901058844757
Maggi Pazzta cheesy Tomato 64g,8901058847420
maggi pazzta chese macaroni  70g,8901058847482
maggi pazzta masala penne 65g,8901058847505
maggi pazzta mushroom penne 64g,8901058847529
Nescafe Sunrise Premium Instant Coffee 50g,8901058848694
masala maggi noodles 70g ,8901058851298
masala maggi noodles 140g,8901058851304
masala maggi noodles 280g,8901058851311
maggi 6 in 1 pack 420g,8901058851328
maggi masala 8 pack 560g,8901058851335
Nestle Milkybar yummy 25g,8901058852394
maggi special masala 70g,8901058860726
Nestle Milkybar White Chocolate 42g,8901058861921
Maggi hong kong spicy 73g,8901058864090
maggi oats noodles 72g,8901058866742
maggi masala oats noodles 290g,8901058866766
maggi big 280g new,8901058869088
Nestle Kitkat Chocolate 12g,8901058873412
Nestle Milkybar White Chocolate 11g,8901058875577
Nestle Munch nuts 32g,8901058875744
brittania good day choco chips 120g,8901063004061
brittania good day choco chip cookies 52g,8901063004092
brittania milk bikis 200g,8901063012325
brittania milk bikis 150g,8901063012349
marie gold vita 70h,8901063014244
brittania 50 50 sweet and salty 200g,8901063016613
brittania maska chaska 50g,8901063017252
Brittania maska chaska,8901063017450
brittania little hearts 75g,8901063019027
brittania marie gold 250g,8901063023901
brittania milk bikis,8901063025332
brittania treat jim jam 100g,8901063029163
brittania treat jim jam 150g,8901063029170
Britannia - Treat Jim Jam Biscuits 62g,8901063029231
brittania treat pineapple 60g,8901063031708
brittania treat strawberry 60g,8901063031715
brittania treak funky choco 50g,8901063033160
brittania milk bikis 100g,8901063035010
good day Butter 75g,8901063092280
good day butter cookies 150g,8901063092297
brittania good day 200g,8901063093287
brittania good day 58g,8901063093416
brittania good day pista badam 100g,8901063094147
good day pista badam 200g,8901063094154
brittania good day pista badam 53g,8901063094185
Brittania - nutri choice arrowroot 150g,8901063138155
Britannia - Bourbon Chocolatier Biscuits 60g,8901063139190
brittania bourbon 120g,8901063139206
Britannia Bourbon The Original Cream Biscuits 150g,8901063139213
Brittania - nutri choice 100g,8901063142015
brittania nutri choice 58g,8901063142039
brittania nutri choice digestive zero 100g,8901063142244
brittania nutri choice 200g,8901063142299
brittania pure magic chocolush 100g,8901063160088
brittania pure magic chocolush hazzlenut 75g,8901063160231
Britannia Vita Mariegold Biscuits 120g,8901063162136
Brittania - Marie Gold 83g,8901063162143
brittania Marie gold 43g,8901063162303
Hershey'S Caramel Flavour Syrup 623g,8901071211192
Hershey'S Chocolate Flavour Syrup 200g,8901071211307
Hershey's milk booster 450g ,8901071701365
Hershey'S Chocolate Flavour Syrup 623g,8901071706834
Hershey'S Chocolate Flavour Syrup 1.3kg,8901071731072
Hershey's strawberry syrup 200g,8901071731126
Parachute Coconut Oil 200ml,8901088000345
Saffola Total Edible Oil 5L,8901088000772
Saffola Tasty Edible Oil 5L,8901088000994
Saffola Tasty Edible Oil 1l,8901088002530
Saffola Gold Edible Oil 1L,8901088017381
Saffola Gold Edible Oil 2L,8901088017398
Saffola Gold Edible Oil 5l ,8901088017411
Saffola Active Edible Oil 1L,8901088034593
Saffola Active Edible Oil 5l,8901088034616
Parachute advanced hot oil 190ml,8901088047302
Saffola Masala Oats classic masla 38g,8901088068734
Saffola Masala Oats peppy tomato 38g,8901088068741
Saffola Masala Oats veggie twist 38g,8901088068758
saffola masala and coriander 38g,8901088068789
Parachute Aloe Vera Oil 150ml,8901088080279
Parachute Coconut Oil 600ml,8901088102872
saffola veggie twist oats 500g,8901088129800
saffola classic masala oats 500g,8901088129824
saffola masala and coriander oats 500g,8901088129831
saffola curry and pepper oats 500g.,8901088129848
Parachute Coconut Oil 300ml,8901088136945
Parachute Advanced Aloe Vera Oil 400ml,8901088155939
parachute Jasmine oil 300ml,8901088157667
parachute jasmine oil 90ml,8901088157674
parachute jasmine oil 200ml,8901088157681
Lotte Choco Pie ,8901123005397
Himalaya Anti Dandruff Shampoo tea tree 200ml,8901138505325
himalaya lemon face wash 50ml,8901138509217
Himalaya Aloe Vera Face Wash 50ml,8901138509224
Himalaya walnut face scrub 50g,8901138510268
himalaya baby shampoo 200ml,8901138511456
Himalaya Baby lotion 100ml,8901138511463
Himalaya Baby Massage Oil 100ml,8901138511739
himalaya baby powder 100g,8901138511814
Himalaya Neem Face Wash 50ml,8901138512187
Himalaya Neem Face Wash 100ml,8901138512460
Himalaya apricot facewash 50ml,8901138712198
Himalaya Neem Face Wash 150ml,8901138815431
himalaya anti hairfall shampoo bhringaraja 200ml,8901138815936
himalaya natural glow kesar facewash 50ml,8901138819675
himalaya baby soap 75g,8901138822217
Himalaya Moisturizing baby soap 125g,8901138822224
Himalaya Neem Face Wash 200ml,8901138822477
Himalaya kesar facewash 150ml,8901138825379
himalaya orange face wash,8901138837051
good night power activ + 45ml,8901157001143
Hit Cockroach Insect Killer 200ml,8901157025071
Hit Cockroach Insect Killer 125ml,8901157025286
Moov Pain Relief Spray 35g,8901177100352
Moov Pain Relief Gel 50g,8901177100505
moov cream 10g,8901177102509
Dabur Almond Hair Oil double 100ml,8901207026485
Dabur Honey 225g,8901207026553
Dabur Red Toothpaste 100g,8901207027253
dobur red toothpaste,8901207030673
Dabur Meswak Toothpaste 100g,8901207033209
Dabur Vatika Hair Oil 300ml,8901207096662
kamasutra urge deo 150ml,8901216713031
Cadbury - Bourneville Rich Cocoa Dark Chocolate Bar 31g,8901233021645
Cadbury Bournvita biscuits 46g,8901233022536
cadbury gems 21.36g,8901233023663
Cadbury Perk 13g,8901233024042
Cadbury Dairy Milk Chocolate 13.2g,8901233030548
Cadbury dairy milk crispello 35g,8901233031521
Cadbury Dairy Milk Silk Oreo Chocolate 60g,8901233033525
Cadbury Dairy Milk Silk Chocolate 60g,8901233034188
Cadbury Dairy Milk Silk Chocolate 150g,8901233034201
Cadbury Dairy Milk Silk Bubbly Chocolate 50g,8901233034300
Cadbury Dairy Milk Silk Bubbly Chocolate 120g,8901233034324
Cadbury Dairy Milk Silk Oreo Chocolate Red Velvet 60g,8901233036731
Del Monte Tomato Ketchup 500g,8901246003492
del Monte schenwan sauce 190g,8901246003034
Del Monte Tomato Ketchup 950g,8901246005373
Del Monte Tomato Ketchup no onion no garlic 950g,8901246006394
Navaratna Hair Oil 50ml,8901248104142
Navaratna Hair Oil 100ml,8901248104159
Emami Fair And Handsome Face Wash 30g,8901248253109
Emami Fair And Handsome Face Wash 15g,8901248253161
zandu balm 8ml,8901248701105
Zandu balm 25g,8901248701112
Amul Pure Ghee 1L pack,8901262030069
amul ghee 500ml pouch,8901262030144
Amul Pure Ghee 1L,8901262030151
Park Avenue Beer Shampoo Damage anti dandruff,8901277013057
Park Avenue Beer Shampoo Damage Free Hair 350ml,8901277013125
Mysore Sandal Soap 75g,8901287100013
Mysore Sandal Soap 125g,8901287100211
Volini Pain Relief Gel 30g,8901296016831
Colgate toothpaste 200g,8901314010025
Colgate toothpaste 150g,8901314010322
Colgate Dental Cream Toothpaste 100g,8901314010520
Colgate kids batman toothpaste,8901314022660
Colgate visible white 50g,8901314077783
Colgate Kids  Soft Tooth Brush barbie ,8901314116079
Colgate batman toothbrush,8901314116086
colgate super flex medium toothbrush,8901314200044
Colgate Plax Peppermint Fresh Mouthwash 60ml,8901314306593
Colgate Maxfresh Spicy Fresh Toothpaste 70g,8901314312501
Colgate visible white 100g,8901314524317
Colgate 46g,8901314552389
Colgate Maxfresh Spicy Fresh Toothpaste 38g,8901314553065
Colgate superflex toothbrush *12,8901314579249
apsara extra dark pencils,8901324015812
natraj 621 bold pencil,8901324023138
apsara eraser,8901324060027
Ghadi Detergent powder 500g,8901331003864
Scotch Brite Scrub Pad 10rs,8901361300872
3M Post-It Notes 3X3X100N,8901361301749
Scotch Brite Scrub Pad 10 X 14 Cm 3N,8901361305747
Alpenliebe Juzt Jelly Strawberry Jelly 171g,8901393012828
alphenliebe just jelly strawberry 1rs * 200,8901393015621
Alpenliebe Juzt Jellyguava Jelly 1rs ,8901393015638
Alpenliebe Rich Strawberry 184g,8901393015836
Alpenliebe Cream fills Toffee 184g,8901393017731
Mentos mint 36g,8901393017953
centerfresh sweet mint 1rs,8901393019278
Vanish Oxi Action powder 200g,8901396040309
Vanish Oxi Action powder 400g,8901396040408
Vanish Oxi Action all in one 180ml,8901396040606
Vanish Oxi Action powder 25g,8901396044505
Lizol Citrus Floor Cleaner 500ml,8901396112006
lizol lavender 500ml,8901396117407
Lizol Jasmine Floor Cleaner 200ml,8901396121503
Lizol Jasmine Floor Cleaner 500ml,8901396122500
lizol neem 500ml ,8901396142409
Lizol Floral Floor Cleaner 625ml,8901396146803
Lizol Citrus Floor Cleaner 625ml,8901396146902
Lizol Floral Floor Cleaner 200ml,8901396147008
harpic 10x max clean 200ml ,8901396152002
harpic white and shine 500ml,8901396153009
Harpic Toilet cleaner 600ml,8901396158752
Harpic Lizol Domex Combo,8901396173694
Dettol Original Liquid Handwash 200ml,8901396324508
dettol disinfectant liquid 500ml,8901396348702
Dettol Antiseptic Liquid 125ml,8901396350200
Dettol Antiseptic Liquid 250ml,8901396350309
Dettol Antiseptic Liquid 550ml,8901396354604
Dettol Original Liquid Handwash 250ml,8901396387183
Dettol Skincare Liquid Handwash 250ml,8901396387329
santoor total skin care small 100g,8901399000591
santoor soap 150g,8901399005169
santoor total skin care soap *5 ,8901399008177
santoor gentle handwash 180ml,8901399241031
santoor gentle handwash lotus 180ml,8901399246029
Eastern - Biryani Masala 100g,8901440013020
Eastern Sambar Powder 100g,8901440013044
eastern rasam powder 100g,8901440013068
Eastern Chicken Masala 50g,8901440013082
Eastern Chicken Masala 100g,8901440013099
Eastern - Garam Masala 50g,8901440013372
Eastern pepper powder 100g,8901440023029
Eastern Chilli Powder 100g,8901440023043
Eastern Coriander Powder 100g,8901440023098
Eastern Turmeric Powder 100g,8901440023142
Eastern Turmeric Powder 500g,8901440023166
Eastern Coriander Powder 250g,8901440023180
Eastern Turmeric Powder 250g,8901440023227
Eastern - Cumin Powder  100g,8901440023258
Eastern garam masala 100g,8901440201182
Eastern Puliogare Masala 100g,8901440205012
eastern vangi bhath 100g,8901440206538
eastern ginder garlic paste 100g,8901440209263
eastern kasuri methi 25g,8901440211914
eastern amchur powder 100g,8901440211921
Doritos Cheese Nachos 44g,8901491000192
lays classic stalted 130g,8901491001021
lays Spanish tomato tango 130g,8901491001038
lays American style cream and onion 78g,8901491001076
lays American style cream and onion 52g,8901491101813
lays spanish tomato tango ,8901491101820
lays classic salted 52g,8901491101837
lays magic masala ,8901491101844
Quaker Oats Breakfast Cereals 200g,8901491103787
Kurkure Chilli Chatka Snacks 22g,8901491104463
kurkure nauty tomato 22g,8901491104470
kurkure masala 22g,8901491367219
lays classic salted 15g,8901491502016
lays indias magic masala 15g,8901491502023
lays American style cream and onion 15g,8901491502030
lays west Indies hot n sweet 13.5g,8901491502054
lays maxx sizzling bbq 63g,8901491982009
lays Spanish tomato tango 28g,8901491983136
lays magic masala 28g,8901491983150
lays American style cream and onion 28g,8901491983167
lays Maxx sizzling bbq 22.5g,8901491983211
Kellogg'S Chocos 125g,8901499007940
kellogs chocos 10rs,8901499008169
Kellogg'S Corn Flakes Original & The Best Breakfast Cereals 100g,8901499008176
Kellogg'S Corn Flakes Original & The Best Breakfast Cereals 250g,8901499008183
Kellogg's Chocos Breakfast Cereals moon and stars 26g,8901499008244
kellogs chocos duet 26g,8901499008275
kellogs chrunchy bites 26g ,8901499008800
Kellogg'S Corn Flakes Original & The Best Breakfast Cereals 70g,8901499009661
Sundrop Superlite Advanced Edible Oil pouch 1L ,8901512102805
Sundrop Superlite Advanced Edible Oil 1L,8901512102904
Sundrop Superlite Advanced Edible Oil 5L,8901512103109
Sundrop super Lite advanced 3L,8901512103901
Sundrop Lite - Cooking Oil 1L,8901512107602
Sundrop Lite edible Oil 5L,8901512107701
Sundrop Nutrilite Oil 1L,8901512120502
Act Ii - Popcorn classic salted 30g,8901512540102
Act Ii - golden sizzle Popcorn 30g,8901512540201
Act Ii - Tomato Chilli Popcorn 59g,8901512542106
Act Ii - extreme Butter Popcorn 70g,8901512546104
Act Ii - Classic Salted Popcorn 90g,8901512564306
Sundrop Heart Edible Oil 1L,8901512680204
Sundrop Heart Edible Oil 5L,8901512680303
sundrop heart 3L,8901512681201
Garnier men power white facewash 100g,8901526203574
Garnier powerwhite fairness facewash 50g,8901526204304
Garnier Men Oil Clear Face Wash 100g,8901526205561
Garnier Men Oil Clear Face Wash 50g,8901526205578
Garnier Men Acno Fight Face Wash 50g,8901526209620
garnier powerwhite 50g,8901526211753
Garnier Men - Power White Face Wash double action 100g,8901526211760
garnier Men Oil Clear Deep Cleansing Face Wash 50ml,8901526576463
Daawat Traditional Basmati Rice 1kg,8901537024014
daawat super basmati rice 1kg,8901537025127
Daawat Biryani Basmati Rice 1kg,8901537071018
Daawat Pulav Basmati Rice 1kg,8901537074231
Daawat Brown Basmati Rice 1kg,8901537074354
Complan Royale Chocolate tetra 500g,8901542000072
glucon d regular 500g,8901542001703
glucon d regular 250g,8901542002052
Glucon - D - Tangy Orange Flavour 200g,8901542006227
Glucon - D - Nimbu Pani Flavour 200g,8901542008931
Glucon-D Regular 125g,8901542016226
Glucon - D - Nimbu Pani Flavour 125g,8901542017629
Glucon - D - Tangy Orange Flavour 125g,8901542017667
sugar free green 30g,8901548431108
Horlicks Chocolate Delight Health Drinks 500g,8901571000036
Horlicks Chocolate Delight Health Drink 200g,8901571000203
Maltova Choco Caramel Health Drink 500g,8901571000395
Horlicks Lite Regular Malt Health Drink 450g,8901571002191
Horlicks Chocolate Delight Health Drink tetra 500g,8901571002603
Horlicks Chocolate Delight Health Drink 1kg,8901571005987
Horlicks Chocolate Health Drink pouch 750g,8901571008117
chings veg hakka noodles 150g,8901595851218
chings egg hakka noodles 150g,8901595851225
chings dark soya sauce 210g,8901595862726
Chings - Chilli Sauce 190g,8901595862733
chings red chilli sauce 200g,8901595862740
Chings Schezwan Chutney 250g,8901595873241
Chings Manchurian noodles 60g,8901595963317
Chings - Schezwan instant noodles 60g,8901595963324
Chings Hot Garlic noodles 60g,8901595963331
chings manchurian noodles 240g,8901595963348
chings shezwan noodles 240g,8901595963355
chings hot garlic noodles 240g,8901595963362
Ching'S Secret - tamato Instant Soups 16g,8901595971213
parle's peri peri 15g,8901719101267
Parle Hide & Seek caffe mocha 120g,8901719103445
parle hide and seek 16.5g,8901719104015
Parle Hide & Seek Chocolate Chip Cookies 120g,8901719105913
Parle Milano Dark Choco Filling Cookies 75g,8901719106651
parle fab jam-in strawberry 55g,8901719107528
Parle 20-20 - cashew cookies 70g,8901719109881
Parle 20-20 - cashew Cookies Biscuits 200g,8901719109898
parle fab jam-in orange 55g,8901719110054
Parle Krackjack The Original Sweet & Salty Crackers Biscuits 200g,8901719111006
Parle'S masala masti 15g,8901719111419
parle krack jack 75g,8901719111433
Parle G Gold Biscuits 65g,8901719112393
Parle Hide & Seek Black Bourbon Vanilla Creme Biscuits 120g,8901719112485
Parle Hide & Seek black bourbon choco 100g,8901719112492
Parle G premium Biscuits 3rs,8901719112683
Parle G Gold Biscuits 130g,8901719112706
parle hide and seek caffe macha 200g,8901719113703
parle fab jamin 150g,8901719114038
parle fabio chocolate 50g,8901719114939
parle fabio vannila 50g,8901719114946
parle fabio vannila 120g,8901719114984
Parle Hide & Seek creme sandwich 120g,8901719115639
Parle Krackjack The Original Sweet & Salty Crackers Biscuits 66.7g,8901719115677
Parle G Gold Biscuits 110g,8901719116773
Parle Hide & Seek almonds 100g,8901719117213
Parle Hide & Seek Chocolate Chip Cookies 200g,8901719117220
parle monaco piri piri 120g,8901719117336
Parle Mango Bite Candy 289g,8901719210419
Parle Melody Chocolate Toffee 195.5g,8901719220159
Parle eclairs 277g,8901719221118
Parle Kaccha Mango Bite Candy 277g,8901719240393
Parle G Gold Biscuits 250g,8901719255168
sunfeast dark fantasy bourbon 150g,8901725101374
sunfeast bounce dream cream chocolate 60g,8901725102531
sunfeast bounce dream cream 120g,8901725102555
sunfeast bounce dream cream strawberry 60g,8901725102562
sunfeast bounce dream cream strawberry 120g,8901725102579
sunfeast bounce dream cream butterscotch 60g,8901725102586
sunfeast bounce dream cream butterscotch zing 120g,8901725102593
bingo chilli sprinkled 52g,8901725111632
Sunfeast Yippee Masala Tricolour Pasta 65g,8901725111670
Aashirvaad - Gulab Jamun Mix 175g*2,8901725112004
Aashirvaad Select Superior Mp Atta 5kg,8901725121228
Aashirvaad Select Superior Mp Atta 1kg,8901725121242
aashirvaad superior mp atta 10kg,8901725121716
aashirvaad superior mp atta 5kg,8901725121723
Aashirvaad - Wheat Atta 2kg,8901725121730
Aashirvaad Wheat Atta 1kg,8901725121747
aashirvaad salt 1kg,8901725123123
Sunfeast Dark Fantasy Vanilla Cream Biscuits 150g,8901725132798
Sunfeast Dark Fantasy Coffee Fills Biscuits 75g,8901725132866
Sunfeast Dark Fantasy Choco Fills Biscuits 75g,8901725132873
Sunfeast Bourbon Choco Cream Biscuits 60g,8901725133979
Sunfeast Bounce Choco Twist Creme Biscuits 82g,8901725134723
sunfeast bounce orange 82g,8901725134747
yippee pazzta treat chese 65g,8901725135201
Sunfeast Yippee Masala Pasta 65g,8901725135218
yippee tomato treat pazta 55g,8901725135232
Sunfeast Mom'S Magic Rich Butter Biscuits 75g,8901725135423
Sunfeast Mom'S Magic cashew and almond Biscuits 58g,8901725135454
Sunfeast Momsmagic Casew Almnd 200g,8901725135478
Sunfeast Momsmagic Casew Almond 120g,8901725135485
Sunfeast Dark Fantasy Choco Fills Luxuria Cream Biscuits 150g,8901725136215
sunfeast hi fi butter cookies 36g,8901725136239
sunfeast hi fi cashew butter cookies 36g,8901725136260
Sunfeast - Yippee Noodles Magic Masala 32g,8901725181215
Sunfeast Yippee Classic Masala Noodles 70g,8901725181222
Sunfeast - Yippee Noodles Magic Masala 140g,8901725181239
yippe power up atta noodles 70g,8901725181406
Sunfeast - Yippee Noodles atta Masala 280g,8901725181413
Sunfeast - Yippee Noodles Mood Masala 70g,8901725181529
yippee mood masala 280g,8901725181543
Sunfeast Yippee Classic Masala Noodles 280g,8901725181635
Sunfeast Yippee Magic Masala Noodles 420g,8901725181659
bingo chips masala ,8901725192228
Bingo Chilli Sprinkled Potato Chips 25g,8901725192327
bingo salted sprinkled 25g,8901725192426
bingo mad angles 18g,8901725198114
mangaldeep puja agarbattis temple ,8901725710460
mangaldeep puja agarbattis sandal ,8901725714512
Coke tin 300ml,8901764011252
Coca Cola - 1.75L,8901764012150
coco cola 750ml,8901764012273
Coke 1.25L,8901764012808
coco cola 2.25ml,8901764012907
coco cola 250ml,8901764012914
Fanta Can 300ml,8901764021251
Fanta - Cold Drink 1.75L,8901764022159
Fanta -   750ml,8901764022272
fanta 2.25l,8901764022906
Sprite Can 300ml,8901764031250
Sprite Soft Drink 1.75L,8901764032158
Sprite 750Ml,8901764032271
Sprite 250ml,8901764032912
Thumsup tin 300ml,8901764041259
Thumbs Up Soft Drink 1.75L,8901764042157
Thums Up 750L,8901764042270
Thums Up 2.25L,8901764042904
Thums Up 250mL,8901764042911
Kinley Mineral Water 1L,8901764082405
Maaza Mango Fruit Drink 600ml,8901764092206
Coke No sugar 300ml,8901764111259
maaza 150ml tetra ,8901764175022
Everest Chaat Masala 50g,8901786060504
Everest Chaat Masala 100g,8901786061006
Everest Pav Bhaji Masala 100g,8901786071005
Everest Chhole Masala 100g,8901786091003
Everest Chicken Masala 50g,8901786160501
Everest Chicken Masala 100g,8901786161003
Everest Tandoori Chicken Masala 50g,8901786170500
Everest Tandoori Chicken Masala 100g,8901786171002
Everest cumin powder 100g,8901786241002
Everest Black Pepper Powder 100g,8901786260508
Everest kasuri methi 25g,8901786280254
Everest rasam masala 100g,8901786351008
Everest Tikhalal Chilli Powder 100g,8901786391011
Everest Tikhalal Chilli Powder 200g,8901786392018
Everest turmeric powder 100g,8901786421015
Everest turmeric powder 200g,8901786422012
Everest coriander powder 100g,8901786431014
Everest coriander powder 200g,8901786432011
Everest coriander powder 500g,8901786435012
Everest egg curry masala 50g,8901786480500
everest super sambar masala 100g,8901786511006
Fevikwik Gp-1 Gm,8901860010012
Fevicol 105g,8901860630500
Fevigum lime 200ml,8901860633433
Fevistik glue Stick 15Gm,8901860633518
Fevistik Superglue Stick 25Gm,8901860633662
dukes waffy wafers 15g,8901972058377
Dukes Bourbon - Biscuits  75g,8901972060110
Dukes Bourbon - Biscuits  150g,8901972060189
Sting Energy drink 250ml,8902080000227
Pepsi 750ml,8902080104055
pepsi 2.25ml,8902080104345
Pepsi - 1.25L,8902080104567
Pepsi tin 250ml,8902080285020
Mirinda Orange Flavour Soft Drink 750ml,8902080204052
Mirinda 2.25L,8902080204342
Mirinda tin 250ml,8902080205028
7 up 2.25ml,8902080304349
7Up tin 250ml,8902080305025
Mountain Dew Soft Drink 250ml,8902080365029
slice mango drink 600ml,8902080404094
slice mango drink 1.2L,8902080404117
Aquafina Water 500ml,8902080504046
Aquafina Water 1L,8902080504060
Mr White Detergent Powder 500g,8902102126775
exo bar round 700g,8902102160656
prill lime gel 225ml,8902102160687
exo bar 140g,8902102161301
exo bacto scrub ,8902102161479
exo bar 90g,8902102161592
Exo Touch & Shine Dishwash Bar 700g *2,8902102161684
pril tamarind gel 425ml,8902102162285
ujala supreme 75ml ,8902102194927
ujala supreme 250ml,8902102194934
maxo refill 45ml,8902102197522
margo soap 100g,8902102230472
Snickers - Almond Chocolate Bar 22g,8902433000416
classmate notebook marvel spiderman Edition 180pg,8902519002228
Appy Fizz Apple Fruit Drink 600ml,8902579000004
Frooti Mango Fruit Drink 300ml,8902579103057
Frooti Mango Fruit Drink 600ml,8902579103170
appy 160ml tetra ,8902579103408
"Frooti Mango Fruit Drink tetra pack 
160ml ",8902579103415
Appy Fizz Apple Fruit Drink 250ml tin ,8902579103675
Frooti Mango Fruit Drink 2L,8902579107017
appy fizz 250ml,8902579131005
Appy Fizz Apple Fruit Drink 1L,8902579131036
Appy Fizz Apple Fruit Drink 1.5L,8902579131043
fine life turmeric powder 100g,8902689043465
fine food chilli powder 100g,8902689415408
finelife Chinese sauce combo 149rs,8902689546850
aro napthalene balls ,8902689600743
fine life jeera spices 100g,8902689850575
fine life cassia spices 50g,8902689850773
fine life star anise 50g,8902689851312
fine life black pepper spices 50g,8902689851602
metro steel scrubber,8902689945493
sooji upma rawa 500g,8902689974318
ragi flour 1kg,8902689994972
Meera Strong & Healthy Shampoo 7ml,8902979022729
nyle anti hairfall badam coconut milk 180ml,8902979022859
nyle shampoo dryness hydration 180ml,8902979022897
nyle shampoo damage repair 180ml,8902979022934
nyle pollution shield shampoo 180ml,8902979023054
Meera Shampoo With shikkai & Badam 80ml,8902979023122
Meera - Herbal Hairwash Powder 80g,8902979023160
chick hairfall prevent shampoo 175ml,8902979025850
Nyle Anti Dandruff Shampoo 180ml,8902979027717
nyle hand sanitizer 50ml,8902979034661
cavins chocolate milk shake 180ml,8902979052399
Mamypoko Pant Diapers 18N,8903622000750
Haldiram'S Bhujia Sev Snacks 38g,8904004400021
soya sticks 5rs,8904004400236
haldirams punjabi tadka 50g,8904004400281
haldiram's lite chiwda 57g,8904004400588
Haldiram'S Aloo Bhujia Snacks 55g,8904004400694
Haldiram'S Aloo Bhujia Snacks 175g,8904004400762
haldiram's Indian snack mixture 150g,8904004400953
Haldiram'S Khatta Meetha Snacks 38g,8904004401066
haldiram's sev murmura 25g,8904004401554
haldiram's halke fulke chatpata chilli 38g,8904004402605
haldiram's halke fulke cream and onion 35g,8904004402919
Haldiram'S Tasty Nuts Snacks 22g,8904004403626
Haldiram'S Moong Dal Snacks 17g,8904004403718
haldirams salted peanuts 20g,8904004404630
Huggies Wonder-Pants Medium 7-12kg Diapers 54pantsv,8904009617851
Moksh Agarabatti Swarna Champa 90g,8904024500039
moksh the celebration box  *5 agarbattis *1 match box,8904024509032
balaji diya ,8904034007108
Tata Salt 1kg,8904043901015
Tata Sampann Turmeric Powder 100g,8904043927176
Tata Sampann Turmeric Powder 200g,8904043927213
Milky Mist Ghee 500ml,8904083300885
Milky Mist Ghee box 500ml,8904083301820
Milky Mist Curd 200g,8904083306016
Milky Mist Curd 500g,8904083306023
Heritage total curd 500g,8904089920629
Patanjali atta noodles 60g,8904109409967
nivea body lotion aloe hydration 75ml,8904256002530
Nivea Shea Butter Smooth Milk Body Lotion 75ml,8904256003667
allout ultra floral fragrance 45ml,8904271200232
Bambino Roasted Vermicelli 500g,8904287000345
bambino seviyan vermicelli 150g,8904287001021
bambino premium vermicelli 400g ,8904287001045
bambino seviyan vermicelli 850g,8904287001052
Bambino Roasted Vermicelli 200g,8904287001076
pass pass pulse kacha ,8904340700410
Pillsbury Vanilla Flavoured Cake Mix 159g,8906000210628
Funfoods Classic Mayonnaise 245g,8906002000012
Funfoods Veg Mayonnais burger 100g,8906002000081
Funfoods Sandwich Spread cucumber and carrot 300g,8906002000463
Funfoods Veg Mayonnais burger 250g,8906002000876
Funfoods Veg Mayonnais100g,8906002004430
Funfoods Veg Mayonnais egg Less 875g,8906002004461
Funfoods Pizza Topping 100g,8906002005284
Sakthi Turmeric Powder 200g,8906002080038
Sakthi Coriander Powder 100g,8906002080229
Sakthi Coriander Powder 200g,8906002080236
Sakthi - Curry Powder 50g,8906002080410
Sakthi Mutton Masala 100g,8906002081424
Sakthi Pepper Powder 50g,8906002082117
Snickers Chocolate 14g,8906002484003
all out super refill 45ml,8906006430273
All Out Ultra Refill Mosquito Repellent Liquid 45ml,8906006430419
Fortune Sunlite Sunflower Oil  1L,8906007280242
Fortune Refined Sunflower Oil Sun Lite 5L,8906007280280
fortune rice bran new pack 1L,8906007280693
fortune vivo pro sugar oil 5L ,8906007282000
fortune chakki fresh atta 5kg,8906007289085
Manna Ragi flour 500g,8906008350098
Unibic Choco Nut Cookies 75g,8906009071602
Unibic Choco Chip Cookies 75g,8906009071909
unibic pista badam cookies 75g,8906009072012
Unibic Fruit & Nut Cookies 75g,8906009077017
Unibic Multigrain Breakfast Cookies 75g,8906009077437
Unibic Butter Cookies 75g,8906009078014
unibic cashew cookies 75g,8906009078021
Dukes - Waffy Chocolates Flavour 250g,8906009803777
Dukes Waffy Strawberry Crispy & Crunchy Wafers 250g,8906009803784
gold Winner Sunflower Oil  1l,8906010261078
Goldwinner Refined Sunflower Edible Oil 5L,8906010261139
Grb Ghee 500ml,8906010360115
Grb Ghee 1L,8906010361136
Grb Ghee 500ml pouch,8906010361167
vijay idly rava 1kg,8906012230010
wai wai masala delight noodles 360g,8906013030763
wai wai chicken noodles 70g,8906013032644
Bajaj Almond Drops Hair Oil 100ml,8906014765961
Bajaj Almond Drops Hair Oil 200ml,8906014765978
bisleri 500ml,8906017290033
bisleri water 1l,8906017290040
1 to 3 noodles 240g,8906019633012
1 to 3 noodles 120g ,8906019633043
Id Idly & Dosa Batter 1kg,8906020580015
Aachi biryani masala 50g,8906021120272
Aachi Chicken 65 / Chicken Kabab Masala 20g,8906021120401
Aachi Chicken Masala 100g,8906021120470
Aachi Chilli Powder 100g,8906021120579
Aachi Chilli Powder 500g,8906021120593
Aachi Coriander Powder 100g,8906021120678
Aachi Coriander Powder 200g,8906021120685
Aachi Garam Masala 100g,8906021121170
Aachi Ginger Garlic Paste 200g,8906021121422
Aachi cumin powder 15g,8906021121743
Aachi cumin powder 100g,8906021121767
aachi mutton masala,8906021122276
Aachi Pepper Powder 100g,8906021122467
Aachi Sambar Powder 20g,8906021122603
Aachi Sambar Powder 100g,8906021122627
Aachi Turmeric Powder 100g,8906021123129
Aachi Turmeric Powder 200g,8906021123136
Ruchi Gold Refined Palmolein Edible Oil 1L,8906032010012
Ruchi Gold Refined Palmolein Edible Oil 500ml,8906032010029
sunrich refined sunflower oil 1L,8906032010326
teju chicken masala 25g,8906032990178
Freedom Refined Sunflower Edible Oil 1L,8906035030055
Freedom Refined Sunflower Edible Oil 5L,8906035030239
freedom rice bran oil 1L,8906035030826
freedom ground nut oil 1L,8906035030918
Nandini Milk 500ml,8906036670014
Nandini curd 500g,8906036670212
Nandini Milk Family Special 1L,8906036673145
protinex chocolate 250g,8906048500651
protinex original 250g,8906048500835
banjaras black henna aloe vera 50g,8906050591784
medimix soap 75g,8906057530854
medimix soap 125g,8906057530861
Medimix With Sandal And Eladi Oils Soap 125g,8906057530991
n95 madk white,8906074191700
Luvit - Luscious Roasted Almond Chocolate 45g,8906079010617
too yumm veggie twist 26g,8906090570794
too yumm multigrain chips 28g,8906090571241
too yumm karare munchi masala 45g,8906090572088
too yumm noodle masala karare 45g,8906090572095
bhagyalakshmi idli suji 1kg,8906121340952
bhagyalakshmi ragi flour 1kg,8906121341065
Kopiko Cappuccino Candy 161g,8907459000365
safal premium oil 1L,8908000120280
Sunpure - Refined Sunflower Oil 1L,8908000502017
Sunpure - Refined Sunflower Oil 500ml,8908000502024
Sunpure Refined Sunflower Edible Oil 5L,8908000502062
Sunpure - Refined Sunflower Oil 15kg,8908000502130
sunpure rice bran oil 1L,8908000502949
bindu jeera masala 200ml,8908000589285
bindu jeera masala 600ml,8908000589391
bindu jeera masala 1l,8908000589872
bindu jeera masala 2L,8908000589889
fogg marco fragnance ,8908001158862
super soft napkins tissues *80sheets,8908003948935
Anandam Gingelly With Refined Rice Bran Lamp Oil 1L,8908005382003
anandam palm oil 500ml,8908005382010
desi hakka noddles 400g,8908008589003
bansi suji upma rawa,8908014694012
Bhagyalakshmi - Avalakki Medium 500g,8908014694036
Vicks Vaporub 5ml,NxueRf25L0jOP9mwuX6c
atukulu ,atukulu
besan ,besan
bhindi,bhindi
carrots,carrots
chana dal ,chana dal
eggs,eggs
fried gram ,fried gram
garlic ,garlic
maida,maida 
Onions,onions
peanuts ,peanuts
potatoes ,potatoes
red chilli dry,red chilli
sugar ,sugar
Tomatoes,tomatoes
toor dal ,toor dal
